model,rmse,r2,mae,mape,inference_time
Uniform Ensemble,53694.47569864819,0.9107093665356882,38138.23687885631,7.6906267365727965,0.0679312663778454
LightGBM Fold 3,54702.70000607013,0.9073246537464241,38800.99706372023,7.8127923588883235,0.013055471310988926
LightGBM Fold 1,54749.631576454405,0.9071655659758214,38918.83152332005,7.839864183415142,0.01269033594745358
LightGBM Fold 2,54815.87323131297,0.9069407890592041,38944.26670804431,7.841163993007605,0.013136929558510476
LightGBM Fold 5,54816.09120772571,0.9069400489541174,39022.19859981394,7.8571172512379235,0.012492251985269869
LightGBM Fold 4,54820.64624605183,0.9069245823549379,38886.834837792434,7.821760351914193,0.017703420420771984
LightGBM (Base),54929.26823953083,0.906555376438948,39046.54296847408,7.857178503792047,0.016781306651799617
XGBoost (Base),55418.139880502116,0.9048846564308968,39430.222152641276,7.9354241495476625,0.007703775385333839
