model_name,mse,rmse,mae,r2,adjusted_r2,mape,training_time,prediction_time,cv_r2_mean,cv_r2_std,cv_rmse_mean,cv_rmse_std,n_estimators,max_depth
Random Forest Regression,5958535933.027969,77191.55350832091,57243.255075415436,0.8154618108413882,0.8152135160734966,11.655657343754301,8.225512504577637,0.06433558464050293,0.6799510173391081,0.11792272970632019,92594.82709206436,22157.907991588367,100,15
