model,rmse,r2,mae,mape,inference_time
Uniform Ensemble,53704.26250339582,0.9106768138522485,38145.31719658845,7.691211150308382,0.0674319690255474
LightGBM Fold 1,54702.277689331284,0.9073260846885501,38901.02600316533,7.835627092178417,0.012938418461098337
LightGBM Fold 5,54736.837220267305,0.907208949574893,38891.71360576315,7.8274167249544755,0.013957705494538186
LightGBM Fold 2,54793.56728086619,0.9070165098927255,38887.76202241957,7.8276075168162205,0.013985593865494328
LightGBM Fold 4,54856.38811163895,0.9068031765066247,38970.12513462235,7.841391180548447,0.013912571538734242
LightGBM Fold 3,54857.93116022995,0.9067979333889242,38926.72005682698,7.838211265226983,0.01388032876142162
LightGBM (Base),54921.537209853974,0.9065816783483766,38993.85468986811,7.8473974943109255,0.016859430871565932
XGBoost (Base),55391.50790237229,0.9049760525367271,39376.77947126391,7.922706154014296,0.007823373249293815
