model_name,mse,rmse,mae,r2,adjusted_r2,mape,training_time,prediction_time,weights,weights_lr,weights_dt,weights_rf
Ensemble (LR + DT + RF),5871578625.220199,76626.22674528741,57428.26204755375,0.8181549126867604,0.8179102414674722,11.71095508217185,16.963154554367065,0.11118531227111816,"[np.float64(0.1), np.float64(0.0), np.float64(0.9)]",0.1,0.0,0.9
