model_name,rmse,mae,r2,mape,training_time,prediction_time
Linear Regression,98001.07502004804,79235.04659269961,0.7025538367587727,16.473098111023198,0.203885793685913,0.0040013790130615
Decision Tree Regression,94451.72617897042,70781.86706243061,0.7237091574887579,14.413655569790668,0.417149543762207,0.0080032348632812
Random Forest Regression,100977.7729272389,77880.99187954991,0.6842100764874448,15.991569356359664,2.414046287536621,0.0820186138153076
Ensemble (LR + DT + RF),76626.22674528741,57428.26204755374,0.8181549126867604,11.710955082171848,9.686685562133789,0.06628012657165527
