model_name,rmse,mae,r2,mape,training_time,prediction_time
Linear Regression,98001.07502004804,79235.04659269963,0.7025538367587727,16.473098111023205,0.3088757991790771,0.0056865215301513
Decision Tree Regression,94451.72617897042,70781.86706243061,0.7237091574887579,14.413655569790668,0.4906139373779297,0.0087032318115234
Random Forest Regression,77191.55350832091,57243.25507541544,0.8154618108413882,11.6556573437543,8.225512504577637,0.0643355846405029
Ensemble (LR + DT + RF),76626.22674528741,57428.26204755375,0.8181549126867604,11.71095508217185,16.963154554367065,0.11118531227111816
